,Activity Date,Distance,Moving Time,Max Speed,Elevation Gain,Elevation Loss,Elevation Low,Elevation High,Average Cadence,Average Heart Rate,Average Watts,Weighted Average Power,Wind Speed,Average Speed,Total Weight
499,2018-12-20 21:21:47,28.5,3649.0,57.960001373291014,189.0,196.0,774.4000244140625,837.0,81.80491638183594,136.3743438720703,141.1241455078125,158.0,,28.117292408879145,77.5
500,2018-12-21 11:44:34,60.17,7936.0,59.039998626708986,564.0,577.0,712.7999877929688,870.0,84.58311462402344,144.08807373046875,130.85836791992188,150.0,,27.294858870967747,77.5
502,2018-12-27 12:11:00,102.46,13926.0,63.0,1056.0,1034.0,708.7999877929688,879.4000244140625,82.14344024658203,133.4849853515625,121.8924331665039,132.0,,26.486859112451526,77.5
503,2018-12-28 08:00:09,151.54,22486.0,74.16000137329102,1809.0,1827.0,465.6000061035156,872.4000244140625,80.5592041015625,124.58518981933594,105.30650329589844,126.0,,24.261496041981676,77.5
504,2018-12-29 10:21:38,79.98,11130.0,69.47999725341798,816.0,812.0,641.5999755859375,872.7999877929688,79.30513763427734,129.3997344970703,114.94465637207033,133.0,,25.86954177897574,77.5
506,2018-12-31 11:08:48,76.88,10584.0,61.560001373291016,706.0,712.0,694.4000244140625,858.4000244140625,82.20557403564453,130.58172607421875,119.597412109375,130.0,,26.149659863945573,77.5
507,2019-01-03 10:11:26,34.99,4757.0,47.88000068664551,181.0,180.0,811.5999755859375,842.5999755859375,84.07859802246094,118.25309753417967,125.4284210205078,135.0,,26.479714105528693,77.5
509,2019-01-06 08:29:37,120.03,17135.0,60.12000274658203,1435.0,1441.0,540.2000122070312,902.4000244140624,81.19096374511719,132.6464385986328,113.44425964355467,144.0,,25.217858185001457,77.5
510,2019-01-07 21:10:22,26.5,3694.0,45.36000137329102,140.0,137.0,797.7999877929688,828.4000244140625,83.69420623779297,112.58338165283205,103.75176239013672,110.0,,25.82566323768273,77.5
511,2019-01-08 20:20:15,43.49,5462.0,43.2,222.0,219.0,792.2000122070312,821.5999755859375,84.12589263916016,132.51446533203125,134.21859741210938,143.0,,28.664225558403515,77.5
512,2019-01-09 18:59:15,27.86,3666.0,47.160001373291024,151.0,142.0,807.5999755859375,839.2000122070312,81.91419219970703,128.1546630859375,118.75531768798828,123.0,,27.358428805237317,77.5
513,2019-01-10 20:55:47,35.14,4355.0,46.800000000000004,181.0,169.0,800.2000122070312,829.7999877929688,77.80123138427734,137.28289794921875,142.79632568359375,154.0,,29.047990815154993,77.5
514,2019-01-12 09:31:36,84.54,11934.0,70.56000137329102,873.0,882.0,669.2000122070312,900.2000122070312,78.6808090209961,127.09125518798828,114.14630126953124,137.0,,25.50226244343892,77.5
516,2019-01-15 11:23:44,43.44,5585.0,54.0,215.0,218.0,800.4000244140625,832.2000122070312,83.98936462402344,130.986572265625,139.67698669433594,155.0,,28.00071620411817,77.5
517,2019-01-16 17:48:27,33.06,4383.0,72.72000274658204,329.0,315.0,782.7999877929688,865.5999755859375,83.79715728759766,124.75965118408205,120.1686553955078,129.0,,27.154004106776185,77.5
518,2019-01-17 20:32:29,45.18,5497.0,47.88000068664551,237.0,228.0,790.7999877929688,823.4000244140625,84.66896057128906,132.48153686523438,146.159912109375,154.0,,29.588502819719846,77.5
520,2019-01-20 10:31:31,94.72,12568.0,62.63999862670899,864.0,874.0,657.2000122070312,853.0,82.07024383544922,131.7183074951172,130.55152893066406,145.0,,27.131763208147678,77.5
521,2019-01-22 13:06:43,43.59,5408.0,49.319999313354494,227.0,213.0,789.2000122070312,821.5999755859375,85.32967376708984,146.7764434814453,143.29566955566406,154.0,,29.017011834319526,77.5
522,2019-01-23 20:45:16,29.66,3718.0,47.5199993133545,165.0,149.0,814.0,846.0,83.8836898803711,131.73963928222656,144.61888122558594,161.0,,28.71866594943518,77.5
524,2019-01-29 20:47:27,28.16,3840.0,39.96000137329102,148.0,145.0,810.7999877929688,841.0,84.25221252441406,113.44635772705078,111.23177337646484,116.0,,26.4,77.5
525,2019-01-31 20:40:43,37.47,4911.0,58.67999725341797,233.0,231.0,767.7999877929688,823.0,83.43548583984375,119.59234619140624,132.45938110351562,148.0,,27.467318265119122,77.5
526,2019-02-01 20:57:57,27.81,3867.0,60.47999725341797,260.0,217.0,778.5999755859375,835.4000244140625,82.7455825805664,137.01034545898438,129.8807830810547,182.0,,25.889837083010086,77.5
528,2019-02-02 11:05:42,19.73,2534.0,66.96000137329102,260.0,264.0,735.0,816.0,84.63844299316406,160.11680603027344,164.82794189453125,170.0,,28.029992107340174,77.5
530,2019-02-05 20:44:57,44.6,5418.0,45.0,231.0,230.0,779.5999755859375,813.2000122070312,83.66819763183594,136.00738525390625,154.23680114746094,166.0,,29.634551495016613,77.5
531,2019-02-06 20:41:39,26.72,3836.0,41.03999862670898,164.0,157.0,787.4000244140625,827.7999877929688,80.98119354248047,116.01407623291016,122.30813598632812,140.0,,25.076120959332634,77.5
532,2019-02-07 20:40:20,44.48,5412.0,45.0,223.0,226.0,788.0,819.7999877929688,83.54500579833984,138.26939392089844,154.86474609375,168.0,,29.587583148558753,77.5
533,2019-02-09 18:35:24,56.61,7579.0,66.96000137329102,585.0,576.0,735.7999877929688,879.2000122070312,77.80570983886719,144.28131103515625,144.4420166015625,157.0,,26.88956326692176,77.5
534,2019-02-10 20:06:04,35.68,4742.0,49.680000686645506,276.0,287.0,783.2000122070312,856.2000122070312,82.92676544189453,136.18115234375,127.2169952392578,141.0,,27.087304934626744,77.5
535,2019-02-11 20:43:14,31.47,4136.0,58.67999725341797,241.0,238.0,778.0,832.0,83.11088562011719,123.00701141357422,134.41258239746094,144.0,,27.391682785299803,77.5
536,2019-02-12 20:41:20,42.15,5323.0,48.96000137329102,216.0,217.0,797.5999755859375,831.0,83.54039001464844,132.59158325195312,150.94607543945312,167.0,,28.506481307533345,77.5
537,2019-02-14 20:41:10,43.23,5304.0,44.28000068664551,225.0,228.0,802.7999877929688,834.2000122070312,83.75004577636719,136.1020050048828,157.0467529296875,165.0,,29.34162895927601,77.5
538,2019-02-16 19:08:55,32.72,4060.0,47.88000068664551,234.0,235.0,788.4000244140625,825.0,85.0910873413086,132.75961303710938,155.8933563232422,161.0,,29.012807881773394,77.5
543,2019-02-23 10:45:24,100.05,13358.0,68.76000137329102,941.0,949.0,526.5999755859375,700.7999877929688,83.48220825195312,136.77716064453125,128.45632934570312,140.0,,26.963617307980236,77.5
544,2019-02-24 21:21:37,29.1,3715.0,44.63999862670898,164.0,165.0,806.5999755859375,844.0,83.53972625732422,129.90237426757812,143.49757385253906,155.0,,28.199192462987888,77.5
545,2019-02-26 21:36:32,26.24,3677.0,40.680000686645506,147.0,142.0,820.5999755859375,853.7999877929688,81.40877532958984,110.59314727783205,122.44384002685548,133.0,,25.690508566766383,77.5
548,2019-03-03 10:31:12,123.94,16704.0,63.72000274658203,1505.0,1520.0,489.6000061035156,916.2000122070312,81.11631774902344,142.9025115966797,131.14305114746094,149.0,,26.711206896551722,77.5
549,2019-03-04 13:57:13,26.47,3725.0,51.11999931335449,146.0,137.0,806.7999877929688,836.5999755859375,85.05460357666016,118.34469604492188,117.02174377441406,124.0,,25.581744966442947,77.5
550,2019-03-05 10:11:29,52.58,7205.0,67.32000274658203,546.0,553.0,729.4000244140625,880.4000244140625,83.0879135131836,129.8260040283203,140.83782958984375,163.0,,26.271755725190836,77.5
551,2019-03-06 11:44:21,58.68,7784.0,51.48000068664551,475.0,478.0,702.0,865.2000122070312,81.08720397949219,123.81680297851562,121.15415954589844,143.0,,27.13874614594039,77.5
552,2019-03-09 12:04:29,60.16,7401.0,58.67999725341797,657.0,644.0,762.0,947.4000244140624,85.54151153564453,147.88717651367188,160.04608154296875,171.0,,29.263072557762463,77.5
553,2019-03-10 19:34:47,47.83,6357.0,59.4,415.0,414.0,778.7999877929688,837.0,82.0518569946289,126.7217254638672,139.43353271484375,162.0,,27.08636149126946,77.5
556,2019-03-16 10:07:48,102.53,13166.0,69.839998626709,1185.0,1191.0,511.3999938964844,827.0,82.23727416992188,143.9337921142578,146.01930236816406,163.0,,28.034938477897615,77.5
557,2019-03-17 13:38:33,51.05,6939.0,73.07999725341797,503.0,499.0,711.5999755859375,845.0,83.27120208740234,140.0431365966797,135.28762817382812,148.0,,26.485084306095978,77.5
560,2019-03-23 10:45:01,104.39,13022.0,65.52000274658204,1230.0,1245.0,532.5999755859375,858.5999755859375,84.28033447265625,150.31631469726562,151.42152404785156,168.0,,28.859161419136846,77.5
561,2019-03-24 20:28:45,31.35,3890.0,60.83999862670898,309.0,308.0,783.2000122070312,870.4000244140625,84.35934448242188,133.76426696777344,146.14292907714844,154.0,,29.01285347043702,77.5
562,2019-03-26 21:42:31,25.49,3831.0,39.23999862670898,127.0,119.0,803.7999877929688,841.4000244140625,79.79743957519531,107.0785140991211,112.6356964111328,122.0,,23.953014878621765,77.5
568,2019-04-07 12:21:57,76.7,9426.0,61.2,725.0,711.0,781.7999877929688,866.7999877929688,85.20672607421875,155.96043395996094,155.2982177734375,163.0,,29.293443666454486,77.5
571,2019-04-13 11:23:19,61.42,7923.0,80.639998626709,672.0,682.0,687.0,871.7999877929688,82.42915344238281,143.71058654785156,149.52267456054688,157.0,,27.907610753502464,77.5
575,2019-04-19 12:11:35,58.11,7439.0,59.4,459.0,461.0,811.7999877929688,898.4000244140625,85.2989501953125,130.14114379882812,143.281494140625,146.0,,28.121521709907245,77.5
577,2019-04-21 19:09:19,63.91,7891.0,64.8,689.0,656.0,727.7999877929688,857.2000122070312,84.53871154785156,151.34481811523438,162.81675720214844,174.0,,29.15676086681029,77.5
581,2019-04-28 13:09:54,32.0,4018.0,61.920002746582036,304.0,285.0,708.4000244140625,823.5999755859375,85.55445861816406,149.3312530517578,153.8312530517578,172.0,,28.670980587356894,77.5
585,2019-05-01 11:00:10,82.34,10809.0,68.76000137329102,878.0,873.0,693.5999755859375,860.7999877929688,81.68567657470703,135.0,139.431396484375,152.0,,27.42381348875937,77.5
587,2019-05-04 13:05:03,61.47,7329.0,50.4,444.0,431.0,808.5999755859375,851.7999877929688,84.73775482177734,147.0,157.48191833496094,173.0,,30.194023741301677,77.5
593,2019-05-11 14:06:01,59.66,8630.0,78.47999725341798,1078.0,1059.0,673.4000244140625,850.7999877929688,81.7032470703125,150.0,157.47023010253906,175.0,,24.887137891077636,77.5
594,2019-05-12 19:48:48,47.06,6138.0,61.2,465.0,481.0,737.7999877929688,884.2000122070312,82.63614654541016,136.3461520534156,153.00765991210938,162.0,,27.601173020527863,77.5
598,2019-05-18 13:25:05,47.54,5680.0,59.76000137329102,291.0,283.0,769.4000244140625,834.4000244140625,87.5715560913086,151.0,176.46620178222656,189.0,,30.130985915492957,77.5
599,2019-05-19 11:55:55,93.35,13241.0,72.36000137329101,1492.0,1482.0,550.2000122070312,963.4000244140624,80.57057189941406,144.0,154.940185546875,167.0,,25.380258288648893,77.5
605,2019-05-26 13:49:42,52.41,6790.0,63.72000274658203,646.0,631.0,729.7999877929688,865.4000244140625,87.0084228515625,140.0,158.336669921875,167.0,,27.787334315169367,77.5
608,2019-06-01 10:52:40,112.6,15966.0,78.47999725341798,1844.0,1841.0,588.2000122070312,982.2000122070312,84.64610290527344,152.0,152.11944580078125,166.0,,25.388951521984218,74.5
612,2019-06-08 11:32:27,78.98,9601.0,66.60000000000001,895.0,899.0,649.5999755859375,870.7999877929688,80.07496643066406,136.0,137.0276336669922,158.0,,29.61441516508697,74.5
613,2019-06-09 19:51:36,30.51,3812.0,39.96000137329102,226.0,230.0,841.7999877929688,877.4000244140625,84.33999633789062,133.0,146.3003692626953,147.0,,28.813221406086047,74.5
615,2019-06-13 14:33:24,30.75,4005.0,47.88000068664551,196.0,248.0,792.4000244140625,869.5999755859375,83.91384887695312,141.0,135.96803283691406,167.0,,27.640449438202246,74.5
616,2019-06-15 13:23:47,18.71,2311.0,41.4,127.0,142.0,810.5999755859375,844.7999877929688,89.8095474243164,139.0,145.80735778808594,171.0,,29.145824318476855,74.5
617,2019-06-16 12:06:02,106.64,14110.0,69.839998626709,1753.0,1746.0,620.7999877929688,987.7999877929688,81.19019317626953,152.0,153.16604614257812,173.0,,27.20793763288448,74.5
619,2019-06-20 18:15:58,65.42,7736.0,68.4,714.0,711.0,731.0,862.5999755859375,86.93412017822266,153.0,164.66339111328125,174.0,,30.443640124095143,74.5
620,2019-06-21 11:30:50,52.96,6796.0,61.560001373291016,553.0,563.0,737.0,871.0,84.7908706665039,133.0,133.0379638671875,138.0,,28.05414949970571,74.5
621,2019-06-22 12:34:19,103.35,13625.0,64.07999725341797,1246.0,1218.0,547.5999755859375,883.2000122070312,85.37036895751953,141.0,147.50550842285156,156.0,,27.30715596330275,74.5
625,2019-06-29 12:51:04,72.63,9612.0,51.11999931335449,947.4320068359376,902.0,772.0,875.9000244140625,82.5967788696289,143.2781219482422,143.16513061523438,161.0,,27.20224719101123,74.5
626,2019-06-30 19:44:24,51.88,6551.0,52.56000137329102,473.0,455.0,764.7999877929688,861.5999755859375,84.27074432373047,137.0,149.44497680664062,158.0,,28.509845825064875,74.5
629,2019-07-06 19:01:44,45.77,5464.0,56.160001373291024,286.0,271.0,778.0,834.7999877929688,85.55601501464844,150.0,172.1260986328125,184.0,,30.155929721815525,74.5
630,2019-07-07 11:32:03,85.18,10688.0,59.039998626708986,857.0,865.0,485.7999877929688,638.2000122070312,83.99920654296875,143.0,153.72520446777344,166.0,,28.690868263473053,74.5
631,2019-07-09 11:04:12,105.6,13213.0,66.239998626709,1022.0,1025.0,689.5999755859375,921.4000244140624,81.13479614257812,133.0,145.3179473876953,166.0,,28.771664270037085,74.5
633,2019-07-11 14:05:44,46.15,5503.0,58.67999725341797,409.0,364.0,769.2000122070312,834.5999755859375,86.19599914550781,154.0,168.6985321044922,183.0,,30.19080501544612,74.5
634,2019-07-13 10:57:20,112.32,13480.0,64.8,1292.0,1294.0,650.0,899.7999877929688,81.61853790283203,136.0,135.8229522705078,157.0,,29.996439169139467,74.5
635,2019-07-14 19:25:09,40.14,5247.0,52.919999313354495,312.0,324.0,825.0,897.0,83.9324722290039,130.0,129.66000366210938,137.0,,27.540308747855917,74.5
637,2019-07-16 13:21:36,55.92,6911.0,58.320002746582034,487.0,403.0,813.5999755859375,874.0,87.01372528076172,141.0,156.92996215820312,178.0,,29.12921429604978,74.5
638,2019-07-17 13:56:42,31.42,4140.0,65.52000274658204,341.0,332.0,772.0,862.0,86.93824005126953,130.0,139.83091735839844,146.0,,27.321739130434782,74.5
640,2019-07-19 15:31:10,16.66,2652.0,79.56000137329102,182.0,286.0,694.2000122070312,863.4000244140625,78.64111328125,113.0,71.7831802368164,94.0,,22.615384615384617,74.5
641,2019-07-20 18:38:17,72.27,8853.0,56.160001373291024,644.0,647.0,765.4000244140625,865.0,87.40825653076172,150.0,166.29605102539062,174.0,,29.388004066418162,74.5
642,2019-07-21 12:52:56,63.21,8143.0,56.88000068664551,543.0,536.0,694.5999755859375,853.5999755859375,86.02333068847656,137.0,149.73106384277344,159.0,,27.944983421343487,74.5
643,2019-07-23 21:49:12,34.19,4447.0,38.88000068664551,128.0,119.0,798.0,823.0,83.88209533691406,126.0,137.19204711914062,140.0,,27.677985158533836,74.5
647,2019-07-28 19:03:01,52.06,7003.0,80.639998626709,730.0,731.0,758.2000122070312,893.5999755859375,85.28614044189453,144.0,158.7056427001953,169.0,,26.76224475224904,74.5
651,2019-08-03 13:09:37,61.01,7528.0,59.76000137329102,464.0,452.0,823.2000122070312,886.5999755859375,88.09379577636719,143.0,167.07266235351562,182.0,,29.17587672688629,74.5
656,2019-08-10 12:41:17,71.07,8418.0,59.76000137329102,680.0,657.0,768.7999877929688,910.5999755859376,84.4520263671875,157.0,160.1698760986328,170.0,,30.39344262295082,74.5
657,2019-08-11 19:16:45,46.86,5575.0,48.23999862670898,342.0,348.0,831.5999755859375,866.4000244140625,84.59159851074219,146.0,145.9173126220703,147.0,,30.259372197309418,74.5
660,2019-08-17 13:04:56,61.35,7235.0,54.36000137329102,508.0,530.0,775.7999877929688,881.0,84.88190460205078,156.0,161.81216430664062,172.0,,30.526606772633034,74.5
661,2019-08-18 19:11:42,47.09,5499.0,63.36000137329102,306.0,302.0,781.0,836.7999877929688,85.39054107666016,153.0,160.18858337402344,172.0,,30.828150572831422,74.5
666,2019-08-24 18:46:38,12.67,1347.0,53.63999862670898,75.5999984741211,68.0,663.0,700.7999877929688,92.74869537353516,180.8463287353516,211.12991333007807,211.0,,33.8619153674833,74.5
667,2019-08-25 11:23:54,13.26,1735.0,46.800000000000004,95.0,99.0,644.0,674.2000122070312,80.5759048461914,133.0,136.96656799316406,153.0,,27.513544668587897,74.5
668,2019-08-25 12:09:28,31.51,3441.0,61.560001373291016,230.0,235.0,642.0,670.5999755859375,88.06224060058594,163.0,186.80694580078125,202.0,,32.965998256320844,74.5
672,2019-08-31 09:50:25,120.24,14053.0,65.16000137329102,1295.0,1313.0,560.5999755859375,884.4000244140625,81.92192077636719,147.0,139.91842651367188,162.0,,30.802248630185726,74.5
677,2019-09-07 10:47:38,107.16,13794.0,66.239998626709,1005.0,1009.0,455.6000061035156,630.5999755859375,81.18600463867188,141.0,141.7752227783203,158.0,,27.966942148760328,74.5
678,2019-09-08 19:09:39,55.7,7020.0,54.36000137329102,467.0,487.0,804.2000122070312,898.5999755859375,83.88854217529297,149.0,150.23988342285156,164.0,,28.564102564102566,74.5
683,2019-09-14 11:46:03,105.66,12620.0,58.67999725341797,767.0,712.0,720.5999755859375,882.7999877929688,84.69876861572266,155.0,155.41976928710938,164.0,,30.14072900158478,74.5
684,2019-09-15 13:42:02,31.33,4046.0,62.27999725341797,299.0,294.0,798.4000244140625,881.0,81.21434020996094,138.0,138.5718536376953,142.0,,27.876421156697972,74.5
686,2019-09-17 19:59:17,46.93,5468.0,51.11999931335449,319.0,320.0,816.2000122070312,848.4000244140625,85.33787536621094,151.0,165.08741760253906,175.0,,30.89758595464521,74.5
687,2019-09-18 13:39:35,31.34,4168.0,60.12000274658203,298.0,291.0,779.2000122070312,861.4000244140625,82.77544403076172,135.0,142.8500518798828,146.0,,27.069097888675625,74.5
689,2019-09-20 20:23:16,32.82,3926.0,41.760001373291026,232.0,238.0,811.2000122070312,847.2000122070312,85.39764404296875,130.0,148.68975830078125,149.0,,30.094752929190015,74.5
690,2019-09-21 11:32:53,104.27,13584.0,68.4,948.0,920.0,637.2000122070312,861.5999755859375,81.8283462524414,134.0,146.1812744140625,155.0,,27.63339222614841,74.5
691,2019-09-22 19:12:40,37.36,4676.0,37.43999862670898,266.0,273.0,803.5999755859375,841.7999877929688,85.4836196899414,131.0,151.82656860351562,152.0,,28.763045337895637,74.5
695,2019-09-28 11:32:02,40.5,5179.0,57.960001373291014,324.0,336.0,780.2000122070312,936.4000244140624,82.65541076660156,146.0,160.240966796875,187.0,,28.15215292527515,74.5
696,2019-09-29 20:12:46,42.17,5092.0,39.96000137329102,297.0,301.0,806.2000122070312,840.2000122070312,85.4451675415039,141.0,151.46444702148438,152.0,,29.81382560879812,74.5
701,2019-10-05 11:49:48,115.81,14894.0,64.8,1027.0,1024.0,623.2000122070312,861.7999877929688,82.21524810791016,146.0,142.47006225585938,153.0,,27.99221162884383,74.5
703,2019-10-08 13:27:06,35.92,4521.0,59.76000137329102,313.0,261.0,839.0,897.0,82.39613342285156,138.0,162.90975952148438,186.0,,28.602521566025217,74.5
707,2019-10-12 12:40:30,93.48,11391.0,56.5199993133545,645.0,626.0,748.7999877929688,873.2000122070312,84.72593688964844,145.0,149.2108612060547,154.0,,29.54332367658678,74.5
709,2019-10-13 12:05:26,13.55,1952.0,52.56000137329102,131.0,127.0,841.7999877929688,867.5999755859375,78.25273895263672,123.0,113.19723510742188,116.0,,24.989754098360656,74.5
714,2019-10-19 13:01:33,90.37,10919.0,60.83999862670898,889.0,879.0,717.2000122070312,879.7999877929688,83.90689849853516,140.0,148.3834991455078,160.0,,29.79503617547395,74.5
719,2019-10-26 13:22:53,31.35,3618.0,56.5199993133545,287.0,294.0,793.0,890.7999877929688,85.63248443603516,151.0,169.31121826171875,176.0,,31.19402985074627,74.5
725,2019-11-02 11:23:17,100.12,12668.0,68.4,920.0,880.0,648.5999755859375,865.5999755859375,82.8429183959961,144.0,146.62789916992188,158.0,,28.452162930217877,74.5
730,2019-11-09 17:23:26,62.35,7273.0,57.23999862670898,352.0,325.0,776.4000244140625,839.2000122070312,86.71859741210938,152.0,173.07452392578125,182.0,,30.862092671524817,74.5
735,2019-11-17 13:04:04,82.03,9917.0,63.0,820.0,806.0,733.4000244140625,893.2000122070312,83.9056625366211,145.0,152.10496520996094,165.0,,29.777957043460724,74.5
737,2019-11-20 12:29:53,85.29,10632.0,59.039998626708986,765.0,751.0,751.7999877929688,904.7999877929688,83.76005554199219,152.0,147.18472290039062,154.0,,28.879232505643348,74.5
745,2019-11-30 12:43:20,4.03,624.0,51.11999931335449,79.0,69.0,808.5999755859375,889.4000244140625,80.25752258300781,125.0,151.01441955566406,174.0,,23.25,74.5
751,2019-12-07 10:19:15,112.3,13582.0,70.92000274658203,1246.0,1257.0,659.4000244140625,906.4000244140624,81.74981689453125,141.0,142.4196014404297,162.0,,29.76586658813135,74.5
752,2019-12-08 19:19:59,51.62,6378.0,44.28000068664551,258.0,249.0,806.5999755859375,836.0,84.51507568359375,137.0,149.44715881347656,151.0,,29.136406396989653,74.5
763,2019-12-21 14:27:09,3.56,548.0,47.5199993133545,58.0,51.0,835.0,887.4000244140625,82.80842590332031,125.0,142.77879333496094,157.0,,23.386861313868614,74.5
764,2019-12-21 17:07:13,33.9,4200.0,68.4,320.0,259.0,776.0,835.5999755859375,85.71937561035156,153.0,175.0900421142578,190.0,,29.057142857142857,74.5
766,2019-12-24 09:30:22,113.14,14768.0,70.56000137329102,1130.0,1127.0,658.0,882.2000122070312,80.97478485107422,136.0,139.57431030273438,154.0,,27.58017334777898,74.5
768,2019-12-27 10:45:31,63.51,7879.0,64.43999862670898,568.0,568.0,786.0,858.2000122070312,83.66046905517578,143.0,142.32566833496094,161.0,,29.01840335067902,74.5
769,2019-12-28 10:25:24,117.6,14743.0,65.16000137329102,1147.0,1143.0,688.4000244140625,937.5999755859376,81.34622192382812,143.0,136.66017150878906,155.0,,28.716000813945602,74.5
770,2019-12-29 20:22:31,50.13,6255.0,46.43999862670898,349.0,364.0,815.5999755859375,848.5999755859375,84.6041030883789,128.0,144.97218322753906,146.0,,28.851798561151078,74.5
771,2019-12-30 11:55:43,72.24,9589.0,52.56000137329102,717.0,708.0,759.7999877929688,857.0,82.43480682373047,136.0,146.5440673828125,152.0,,27.121076233183853,74.5
773,2020-01-04 21:05:57,23.88,3046.0,42.839998626708976,130.0,129.0,803.0,830.0,85.0974349975586,125.0,149.55796813964844,157.0,,28.223243598161524,74.5
774,2020-01-05 10:54:36,58.53,7394.0,67.32000274658203,673.0,684.0,638.7999877929688,857.4000244140625,79.78483581542969,134.0,137.6771697998047,161.0,,28.497159859345416,74.5
776,2020-01-08 14:34:51,34.65,4313.0,49.319999313354494,186.0,169.0,804.2000122070312,839.7999877929688,84.9555892944336,141.0,146.74774169921875,151.0,,28.921864131694875,74.5
777,2020-01-09 11:41:47,46.15,5693.0,55.08000068664551,424.0,422.0,772.5999755859375,870.0,84.92647552490234,149.0,162.89390563964844,172.0,,29.18320744774284,74.5
778,2020-01-11 09:42:19,123.36,14874.0,70.92000274658203,1308.0,1324.0,587.0,886.7999877929688,83.84659576416016,152.0,146.46778869628906,158.0,,29.857200484066155,74.5
779,2020-01-14 13:31:46,45.01,5381.0,43.919999313354495,230.0,222.0,818.2000122070312,853.5999755859375,87.0440673828125,142.0,166.20162963867188,175.0,,30.1126184724029,74.5
780,2020-01-15 19:20:28,34.93,4277.0,44.28000068664551,176.0,172.0,806.5999755859375,834.5999755859375,85.3265380859375,144.0,145.86672973632812,148.0,,29.40098199672668,74.5
781,2020-01-16 13:33:51,45.06,5325.0,46.43999862670898,226.0,222.0,851.0,887.7999877929688,88.4194564819336,158.0,166.99737548828125,172.0,,30.4630985915493,74.5
783,2020-01-18 11:34:40,90.58,11395.0,66.239998626709,909.0,909.0,741.7999877929688,904.4000244140624,82.9790267944336,137.0,149.70907592773438,160.0,,28.61676173760421,74.5
784,2020-01-19 21:16:50,30.63,3838.0,39.23999862670898,210.0,218.0,807.0,844.5999755859375,85.35332489013672,128.0,146.34288024902344,147.0,,28.73058884835852,74.5
785,2020-01-20 11:42:01,60.9,7569.0,58.67999725341797,432.0,441.0,752.5999755859375,880.0,82.86627960205078,126.0,145.1278839111328,151.0,,28.96551724137931,74.5
788,2020-01-25 10:10:20,211.03,29407.0,63.72000274658203,2424.0,2437.0,584.7999877929688,933.0,80.25995635986328,141.0,131.96693420410156,144.0,,25.834257149658246,74.5
791,2020-01-30 22:01:53,31.64,4503.0,32.760001373291026,1.0,1.0,770.4000244140625,775.2000122070312,85.05396270751953,116.0,146.5385284423828,146.0,,25.295136575616255,74.5
792,2020-02-01 13:44:18,28.77,3831.0,55.43999862670898,330.0,309.0,771.2000122070312,893.7999877929688,85.37545776367188,143.0,156.19708251953125,197.0,,27.035238841033674,74.5
797,2020-02-08 11:08:12,100.19,12804.0,65.16000137329102,902.0,912.0,643.7999877929688,867.0,84.64302825927734,140.0,147.02731323242188,157.0,,28.16963448922212,74.5
800,2020-02-15 11:45:26,103.81,13406.0,64.43999862670898,1196.0,1194.0,570.5999755859375,885.4000244140625,82.59746551513672,154.0,144.86184692382812,154.0,11.771999931335449,27.876771594808293,74.5
801,2020-02-16 13:33:45,45.09,5868.0,56.5199993133545,404.0,401.0,775.7999877929688,872.2000122070312,82.48313903808594,140.0,144.42587280273438,155.0,11.123999691009521,27.662576687116566,74.5
805,2020-02-22 10:34:47,116.77,14007.0,64.43999862670898,1354.800048828125,1489.4000244140625,627.7999877929688,999.0,81.9123764038086,136.3461520534156,143.6829376220703,163.0,6.8399999141693115,30.011565645748554,74.5
807,2020-02-25 10:58:32,88.76,11016.0,66.239998626709,928.0,929.0,604.4000244140625,852.7999877929688,82.032470703125,138.0,148.3759002685547,164.0,11.231999588012696,29.00653594771242,74.5
810,2020-02-28 11:15:19,37.44,4694.0,63.72000274658203,371.0,366.0,833.7999877929688,899.4000244140625,81.890625,125.0,147.10028076171875,153.0,14.4,28.714103110353637,74.5
814,2020-03-07 11:08:53,93.31,11293.0,59.4,913.0,904.0,696.2000122070312,835.4000244140625,85.95307922363281,145.0,163.85708618164062,172.0,12.528000068664552,29.74550606570442,74.5
815,2020-03-08 14:31:26,34.77,4366.0,49.680000686645506,185.0,172.0,794.0,828.2000122070312,84.16546630859375,137.0,145.926025390625,148.0,11.123999691009521,28.669720568025657,74.5
819,2020-03-14 11:47:31,100.09,12615.0,66.239998626709,908.0,891.0,643.7999877929688,864.0,82.35005950927734,146.0,155.49880981445312,167.0,16.3439998626709,28.56313912009513,74.5
820,2020-03-15 14:50:22,34.85,4409.0,53.63999862670898,186.0,172.0,803.0,835.5999755859375,82.40496826171875,130.0,146.255615234375,148.0,14.903999519348146,28.455432070764346,74.5
825,2020-03-22 12:54:22,75.29,9362.0,66.96000137329102,618.0,599.0,775.4000244140625,834.5999755859375,82.70560455322266,135.0,161.0979461669922,169.0,13.895999622344972,28.951506088442645,74.5
828,2020-03-26 13:42:29,43.32,5366.0,47.160001373291024,224.0,212.0,837.4000244140625,871.7999877929688,82.34870910644531,122.0,147.8207244873047,149.0,17.640000343322754,29.062989191203876,74.5
829,2020-03-28 13:46:46,44.85,5506.0,55.08000068664551,356.0,346.0,710.5999755859375,868.5999755859375,84.68978881835938,146.0,160.89756774902344,184.0,18.719999313354492,29.324373410824556,74.5
830,2020-03-31 13:16:35,44.57,5523.0,54.0,225.0,205.0,791.7999877929688,824.4000244140625,83.63373565673828,146.0,156.96287536621094,179.0,8.135999965667725,29.05160239000543,74.5
832,2020-04-02 13:50:00,60.26,7496.0,52.2,240.0,278.0,801.5999755859375,841.0,83.9746322631836,144.49166870117188,159.9124755859375,172.0,14.256000137329101,28.940234791889008,74.5
834,2020-04-05 12:35:25,100.13,12512.0,57.6,827.0,791.0,727.7999877929688,846.0,82.58869934082031,137.0,152.02117919921875,157.0,6.947999811172486,28.80978260869565,74.5
837,2020-04-09 13:49:13,51.02,6219.0,46.800000000000004,221.0,174.0,799.2000122070312,832.5999755859375,84.52899932861328,140.0,164.32920837402344,178.0,14.00400037765503,29.534008683068024,74.5
839,2020-04-11 12:24:50,89.27,11017.0,61.560001373291016,785.0,775.0,706.0,868.2000122070312,82.76644134521484,137.0,160.39974975585938,168.0,8.964000034332276,29.17055459744032,74.5
840,2020-04-12 14:06:26,60.23,7420.0,47.5199993133545,310.0,297.0,796.4000244140625,835.7999877929688,83.0561752319336,121.0,146.04986572265625,147.0,10.87199993133545,29.222102425876006,74.5
851,2020-04-25 12:52:11,84.44,10940.0,56.5199993133545,662.0,655.0,700.4000244140625,868.2000122070312,82.27383422851562,136.0,149.802734375,152.0,18.1439998626709,27.786471663619743,74.5
852,2020-04-26 12:46:52,67.52,8598.0,61.2,567.0,581.0,764.7999877929688,866.4000244140625,85.3876953125,140.0,161.14910888671875,166.0,11.30400037765503,28.27076064200977,74.5
857,2020-05-02 12:01:23,102.06,13021.0,64.43999862670898,841.0,817.0,749.7999877929688,879.2000122070312,81.482421875,137.0,154.8819580078125,156.0,5.256000137329102,28.217187619998462,74.5
858,2020-05-03 13:27:40,52.98,6704.0,67.32000274658203,537.0,532.0,743.7999877929688,881.4000244140625,81.94951629638672,128.0,159.89901733398438,164.0,20.268000411987305,28.44988066825775,74.5
864,2020-05-10 13:25:07,43.23,5631.0,57.6,235.0,218.0,861.7999877929688,899.2000122070312,80.88082122802734,126.0,152.6764373779297,154.0,17.13600082397461,27.637719765583373,74.5
869,2020-05-16 12:27:02,100.13,11841.0,66.239998626709,957.0,943.0,706.0,874.2000122070312,81.38291931152344,142.0,158.59640502929688,167.0,6.3,30.442361287053455,74.5
870,2020-05-17 13:37:09,43.25,5104.0,50.4,228.0,217.0,806.4000244140625,840.2000122070312,82.9948501586914,135.0,149.74549865722656,151.0,8.856000137329103,30.505485893416928,74.5
876,2020-05-24 14:31:36,26.31,3280.0,49.680000686645506,153.0,141.0,807.2000122070312,841.2000122070312,81.37352752685547,122.7673797607422,152.06494140625,155.0,8.531999588012695,28.87682926829268,74.5
883,2020-05-30 12:42:47,104.3,13360.0,67.67999725341797,1248.0,1228.0,548.2000122070312,866.4000244140625,81.55839538574219,140.4044189453125,162.23472595214844,169.0,10.223999691009523,28.104790419161677,74.5
884,2020-05-31 13:25:53,58.84,7385.0,57.960001373291014,486.0,486.0,747.5999755859375,867.7999877929688,84.53850555419922,131.4694061279297,155.14736938476562,162.0,6.911999845504762,28.683006093432635,74.5
890,2020-06-07 13:28:00,42.2,5362.0,57.23999862670898,331.0,333.0,851.7999877929688,921.2000122070312,84.08345794677734,131.671142578125,154.2650604248047,158.0,6.228000068664551,28.33271167474823,74.5
896,2020-06-13 17:24:32,78.63,9562.0,63.36000137329102,655.0,665.0,722.2000122070312,878.5999755859375,82.6256103515625,140.24105834960938,162.0581512451172,167.0,9.468000411987305,29.603430244718673,74.5
897,2020-06-14 13:20:55,59.98,7132.0,45.0,309.0,291.0,800.4000244140625,833.4000244140625,84.03849029541016,135.5389862060547,163.6009521484375,169.0,24.26399917602539,30.27593942793045,74.5
906,2020-06-21 14:03:03,44.54,5581.0,75.239998626709,512.0,495.0,650.4000244140625,843.5999755859375,80.9307861328125,136.3724822998047,160.9876251220703,171.0,18.252000617980958,28.730335065400467,74.5
912,2020-06-28 12:51:26,101.42,12652.0,65.52000274658204,1001.0,981.0,710.0,871.0,81.17847442626953,132.23876953125,167.05421447753906,174.0,19.11599979400635,28.858046158710085,74.5
925,2020-07-12 19:42:31,43.33,5104.0,47.5199993133545,219.0,220.0,823.5999755859375,853.5999755859375,83.74557495117188,137.6747589111328,157.72433471679688,160.0,16.27199993133545,30.561912225705324,74.5
928,2020-07-15 14:15:48,43.32,5024.0,48.96000137329102,233.0,219.0,809.0,846.0,81.61896514892578,136.11607360839844,154.074462890625,156.0,11.30400037765503,31.04140127388535,74.5
930,2020-07-17 14:27:42,43.34,5085.0,51.48000068664551,227.0,219.0,808.7999877929688,843.0,81.16463470458984,136.06039428710938,154.43321228027344,157.0,15.263999176025392,30.683185840707964,74.5
933,2020-07-19 19:30:42,50.06,5682.0,48.6,258.0,253.0,845.7999877929688,874.7999877929688,81.95106506347656,145.4663848876953,170.9225616455078,178.0,11.268000411987305,31.717001055966215,74.5
940,2020-07-25 14:16:43,46.5,5467.0,54.36000137329102,246.0,236.0,902.0,938.5999755859376,80.45635223388672,135.61276245117188,154.0528564453125,157.0,15.768000411987305,30.620084141210903,74.5
941,2020-07-26 18:18:52,60.41,7098.0,63.36000137329102,520.0,532.0,785.5999755859375,941.0,85.01863861083984,148.49407958984375,168.80247497558594,178.0,12.384000205993653,30.63905325443787,74.5
942,2020-07-28 20:59:09,32.45,4217.0,43.919999313354495,270.97296142578125,298.0,840.0,875.0999755859375,78.89479064941406,114.85282135009766,143.68325805664062,151.0,10.656000137329102,27.70215793217928,74.5
943,2020-07-29 19:46:34,34.91,4224.0,44.28000068664551,181.0,178.0,859.4000244140625,891.2000122070312,82.47286224365234,122.8998565673828,155.60511779785156,158.0,9.07199993133545,29.75284090909091,74.5
944,2020-07-30 19:52:48,34.84,4439.0,44.28000068664551,187.0,182.0,849.7999877929688,882.4000244140625,81.66742706298828,123.30795288085938,157.4095458984375,159.0,19.224000549316408,28.255012390177967,74.5
945,2020-08-01 13:29:03,60.83,7651.0,60.83999862670898,576.0,565.0,741.5999755859375,908.7999877929688,79.73774719238281,133.20050048828125,157.83021545410156,161.0,9.07199993133545,28.622140896614816,74.5
947,2020-08-04 19:48:13,44.92,5322.0,45.0,233.0,229.0,807.7999877929688,838.7999877929688,84.7658920288086,135.12701416015625,176.9218292236328,186.0,6.588000154495239,30.385569334836532,74.5
948,2020-08-05 19:48:37,43.3,5356.0,42.839998626708976,222.0,218.0,805.4000244140625,834.0,82.7834243774414,123.60212707519533,158.27781677246094,160.0,9.684000205993653,29.103808812546678,74.5
949,2020-08-06 19:51:28,45.04,5382.0,45.0,230.0,230.0,815.2000122070312,846.4000244140625,84.66566467285156,139.79930114746094,179.29437255859375,189.0,8.964000034332276,30.127090301003346,74.5
950,2020-08-08 12:21:40,102.47,12966.0,63.36000137329102,1198.0,1183.0,531.5999755859375,919.5999755859376,82.79523468017578,144.54727172851562,166.82484436035156,174.0,16.775999450683596,28.450717260527533,74.5
952,2020-08-11 19:55:52,44.6,5196.0,47.5199993133545,234.0,233.0,810.4000244140625,840.7999877929688,84.93834686279297,140.5841064453125,181.58218383789065,192.0,4.356000137329103,30.900692840646652,74.5
953,2020-08-12 19:56:29,43.37,5313.0,49.319999313354494,222.0,219.0,801.0,829.2000122070312,82.10384368896484,122.060791015625,155.81930541992188,158.0,10.692000102996825,29.38678712591756,74.5
954,2020-08-13 19:58:58,46.01,5319.0,52.2,227.0,224.0,809.2000122070312,841.2000122070312,85.82368469238281,145.65406799316406,182.21583557128903,193.0,17.02800006866455,31.140439932318106,74.5
955,2020-08-15 11:07:23,102.47,12686.0,72.36000137329101,1011.0,1029.0,635.5999755859375,906.5999755859376,82.23033142089844,141.41253662109375,159.8760986328125,168.0,20.0879997253418,29.07866939933785,74.5
956,2020-08-16 14:18:09,43.27,5351.0,45.36000137329102,233.0,217.0,803.0,838.0,81.50737762451172,128.5507354736328,157.34759521484375,159.0,18.647999382019044,29.110820407400492,74.5
957,2020-08-18 19:55:22,43.31,5003.0,46.43999862670898,213.0,215.0,795.2000122070312,828.0,84.4046401977539,136.3461520534156,186.55398559570312,198.0,16.91999931335449,31.164501299220472,74.5
958,2020-08-19 19:58:04,43.26,5389.0,48.23999862670898,218.0,220.0,794.4000244140625,831.4000244140625,82.60242462158203,121.9329833984375,156.6786651611328,159.0,12.456000137329102,28.89886806457599,74.5
961,2020-08-23 13:42:46,79.01,9784.0,73.8,928.0,910.4000244140624,885.4000244140625,1111.0,84.92682647705078,138.84779357910156,166.34896850585938,176.0,19.187999725341797,29.07154538021259,74.5
962,2020-08-25 19:54:50,43.34,5437.0,43.2,232.0,226.0,805.7999877929688,838.4000244140625,83.12069702148438,121.89622497558594,156.82484436035156,158.0,13.464000034332276,28.696707743240758,74.5
963,2020-08-26 19:52:04,43.32,5299.0,42.48000068664551,224.0,218.0,796.4000244140625,825.7999877929688,83.91351318359375,124.13606262207033,157.8707275390625,159.0,9.576000308990478,29.43045857709002,74.5
965,2020-08-30 11:34:45,60.12,7397.0,66.239998626709,655.0,645.0,640.7999877929688,865.0,82.05561065673828,136.12680053710938,145.44775390625,167.0,12.887999725341798,29.259429498445314,74.5
966,2020-09-01 19:50:31,43.33,5142.0,42.839998626708976,222.0,217.0,844.7999877929688,873.4000244140625,86.86214447021484,142.9313507080078,184.1437225341797,199.0,13.464000034332276,30.336056009334882,74.5
967,2020-09-02 19:55:22,43.36,5329.0,46.43999862670898,219.0,215.0,799.0,829.0,83.41690063476562,124.22386932373048,157.682861328125,159.0,12.131999588012695,29.291799587164572,74.5
968,2020-09-03 19:52:09,43.26,4957.0,47.88000068664551,214.0,209.0,790.7999877929688,821.0,86.92059326171875,145.0911865234375,183.43292236328125,191.0,6.407999897003174,31.417389550131126,74.5
969,2020-09-05 19:25:03,31.34,3473.0,65.16000137329102,300.0,294.0,820.0,903.5999755859376,84.55034637451172,155.02908325195312,181.7745513916016,190.0,9.07199993133545,32.4860351281313,74.5
970,2020-09-06 12:44:43,85.31,10670.0,60.83999862670898,720.0,720.0,738.2000122070312,864.0,81.8604507446289,140.67820739746094,158.92698669433594,163.0,16.12800006866455,28.783130271790064,74.5
972,2020-09-09 19:55:20,43.36,5187.0,47.160001373291024,214.0,212.0,795.0,827.0,81.77388763427734,126.14690399169922,158.24966430664062,160.0,5.760000085830689,30.093695777906305,74.5
976,2020-09-13 19:12:32,52.77,6270.0,59.4,505.0,519.0,746.7999877929688,869.4000244140625,80.49675750732422,135.67384338378906,159.1670684814453,168.0,9.648000240325928,30.29856459330144,74.5
979,2020-09-19 14:01:18,60.44,7267.0,59.76000137329102,561.0,535.0,732.4000244140625,894.4000244140625,81.54867553710938,142.63644409179688,163.26889038085938,174.0,11.8439998626709,29.941378835833216,74.5
992,2020-09-30 08:39:28,110.18,12726.0,68.76000137329102,1088.0,1112.0,591.0,842.0,82.28642272949219,142.18370056152344,157.05885314941406,164.0,19.08000068664551,31.168316831683168,74.5
1001,2020-10-11 18:06:36,52.89,6296.0,65.52000274658204,540.2000122070312,545.0,749.4000244140625,876.2000122070312,83.36876678466797,134.38246154785156,159.753173828125,168.0,12.779999828338623,30.242058449809402,74.5
1002,2020-10-12 12:10:20,100.2,12158.0,61.560001373291016,809.0,794.0,744.0,910.0,80.63121032714844,134.91946411132812,157.1446990966797,162.0,15.3,29.669353512090805,74.5
1003,2020-10-13 13:41:12,43.34,5320.0,53.28000068664551,227.0,215.0,806.2000122070312,843.5999755859375,80.59615325927734,126.5518798828125,152.56053161621094,155.0,12.528000068664552,29.32781954887218,74.5
1005,2020-10-18 13:59:59,43.28,5282.0,48.6,228.0,216.0,806.4000244140625,841.2000122070312,82.19139099121094,125.20182037353516,155.46478271484375,156.0,16.740000343322755,29.497917455509278,74.5
1008,2020-10-22 19:51:53,17.99,2289.0,44.63999862670898,97.0,91.0,799.4000244140625,827.7999877929688,81.69110870361328,121.01092529296876,155.49017333984375,158.0,13.140000343322756,28.293577981651374,74.5
1010,2020-10-24 17:30:20,61.47,7390.0,70.56000137329102,569.0,561.0,737.5999755859375,899.4000244140625,80.57172393798828,137.16494750976562,163.2660369873047,170.0,15.624000549316406,29.944790257104195,74.5
1011,2020-10-25 19:09:02,46.85,5685.0,46.43999862670898,351.20001220703125,354.0,807.7999877929688,845.0,83.70404815673828,142.5451202392578,156.46490478515625,158.0,13.031999588012695,29.66754617414248,74.5
1019,2020-11-02 20:20:36,50.17,6030.0,40.319999313354494,359.0,371.0,814.0,849.7999877929688,82.16313171386719,128.57379150390625,159.76649475097656,161.0,12.6,29.952238805970154,74.5
1025,2020-11-07 11:35:03,101.67,12141.0,66.60000000000001,999.0,977.0,641.5999755859375,912.0,80.29070281982422,146.2755126953125,162.83131408691406,171.0,11.340000343322755,30.14677538917717,74.5
1029,2020-11-10 10:03:51,43.46,5500.0,50.03999862670898,218.0,218.0,795.5999755859375,827.0,78.58525085449219,120.42400360107422,156.207275390625,158.0,10.87199993133545,28.446545454545454,74.5
1033,2020-11-14 19:26:24,42.73,5251.0,63.72000274658203,396.0,396.0,777.2000122070312,863.2000122070312,79.69097900390625,139.24923706054688,162.09622192382812,169.0,9.756000137329101,29.294991430203766,74.5
1036,2020-11-15 19:58:21,43.27,5148.0,44.28000068664551,221.0,216.0,811.0,842.0,82.9215316772461,131.77098083496094,157.33779907226562,159.0,7.092000102996826,30.258741258741264,74.5
1043,2020-11-22 13:08:04,61.3,7548.0,77.039998626709,646.0,653.0,680.2000122070312,870.7999877929688,82.0238265991211,139.20179748535156,160.92742919921875,170.0,9.359999656677246,29.236883942766294,74.5
1050,2020-11-28 11:48:51,106.94,13124.0,72.72000274658204,1047.0,1035.0,638.7999877929688,911.7999877929688,82.59380340576172,146.61883544921875,159.8648223876953,170.0,19.043999862670898,29.334349283754953,74.5
1054,2020-12-02 20:22:26,43.56,5348.0,52.919999313354495,228.0,220.0,805.4000244140625,837.7999877929688,81.5497817993164,127.8612289428711,156.93865966796875,159.0,9.540000343322756,29.322363500373978,74.5
1057,2020-12-05 11:08:07,117.31,15408.0,69.839998626709,1099.0,1107.0,656.4000244140625,874.0,62.57665252685547,141.56695556640625,98.36756134033205,167.0,13.895999622344972,27.4088785046729,74.5
1059,2020-12-07 14:21:06,43.31,5256.0,46.43999862670898,232.0,210.0,792.2000122070312,831.5999755859375,84.39381408691406,130.01161193847656,154.1537322998047,156.0,7.740000343322755,29.66438356164384,74.5
1060,2020-12-08 14:36:03,46.79,5699.0,51.11999931335449,335.0,330.0,818.2000122070312,856.7999877929688,84.2802963256836,135.33462524414062,154.98876953125,157.0,11.556000137329102,29.556764344621865,74.5
1062,2020-12-12 19:20:45,47.71,5969.0,49.319999313354494,335.0,339.0,819.0,855.0,83.73422241210938,125.71268463134766,160.71788024902344,162.0,7.27199993133545,28.774669123806333,74.5
1071,2020-12-17 21:03:45,29.02,3598.0,49.319999313354494,142.0,136.0,800.5999755859375,829.2000122070312,84.18258666992188,132.66537475585938,152.74151611328125,155.0,6.0479998111724855,29.036131183991106,74.5
1072,2020-12-19 12:09:25,77.91,9448.0,66.96000137329102,635.0,632.0,747.7999877929688,904.7999877929688,81.76337432861328,143.55812072753906,155.35508728027344,159.0,13.5,29.686282811176962,74.5
1074,2020-12-22 20:32:21,43.3,5390.0,43.2,217.0,221.0,800.0,835.7999877929688,81.2287826538086,119.44470977783205,157.94007873535156,159.0,10.87199993133545,28.92022263450835,74.5
1075,2020-12-24 10:05:44,111.53,13443.0,62.27999725341797,1042.0,1056.0,692.5999755859375,895.7999877929688,81.99219512939453,137.08413696289062,163.38082885742188,172.0,12.168000411987306,29.86744030350368,74.5
1078,2020-12-28 19:51:07,35.1,4322.0,42.839998626708976,180.0,182.0,803.4000244140625,834.7999877929688,83.41920471191406,120.39263916015624,156.7332305908203,159.0,10.151999759674073,29.23646459972235,74.5
1083,2020-12-31 11:42:57,20.03,2631.0,59.039998626708986,137.0,133.0,764.4000244140625,842.2000122070312,79.78800964355469,127.35567474365234,149.79664611816406,157.0,9.431999588012696,27.407069555302172,74.5
1085,2020-12-31 18:01:42,34.95,4130.0,50.03999862670898,183.0,173.0,784.7999877929688,815.4000244140625,81.65267944335938,137.32711791992188,169.79685974121094,177.0,14.903999519348146,30.46489104116223,74.5
1087,2021-01-02 19:30:12,43.33,5261.0,42.48000068664551,228.0,216.0,806.7999877929688,844.4000244140625,82.89594268798828,124.08135223388672,156.17068481445312,158.0,10.331999588012696,29.649876449344227,74.5
1088,2021-01-05 20:30:41,45.14,5353.0,54.36000137329102,228.0,215.0,781.5999755859375,814.0,82.80883026123047,141.2215576171875,175.13600158691406,185.0,13.823999691009524,30.357556510368017,74.5
1090,2021-01-08 20:33:58,37.43,4601.0,61.560001373291016,237.0,236.0,772.4000244140625,826.0,82.3293228149414,128.9337158203125,155.00347900390625,161.0,14.5439998626709,29.286676809389263,74.5
1091,2021-01-09 11:11:26,106.9,13039.0,73.439998626709,1063.0,1059.0,637.4000244140625,904.7999877929688,81.62893676757812,152.2771759033203,159.73924255371094,167.0,5.615999794006348,29.5145333231076,74.5
1098,2021-01-16 21:07:04,50.08,6196.0,48.96000137329102,354.0,362.0,810.4000244140625,849.4000244140625,80.78343963623047,124.374755859375,156.7453155517578,159.0,9.935999965667724,29.097482246610713,74.5
1099,2021-01-17 11:12:03,88.65,10784.0,66.60000000000001,770.0,773.0,698.5999755859375,912.2000122070312,79.92335510253906,135.7337646484375,158.05128479003906,165.0,11.628000068664551,29.593842729970326,74.5
1104,2021-01-22 20:25:37,35.05,4271.0,45.36000137329102,182.0,181.0,808.5999755859375,837.2000122070312,82.30043029785156,126.26761627197266,156.3331756591797,158.0,9.9,29.543432451416532,75.80000019073486
1106,2021-01-24 19:20:59,31.4,4097.0,57.23999862670898,339.0,310.0,766.5999755859375,905.5999755859376,79.58114624023438,135.2021942138672,154.6830291748047,163.0,4.679999828338623,27.590920185501588,75.80000019073486
1107,2021-01-26 20:17:10,34.89,4248.0,47.88000068664551,178.0,176.0,786.5999755859375,814.0,78.88616180419922,118.18667602539062,152.99693298339844,156.0,8.207999897003175,29.56779661016949,75.80000019073486
1108,2021-01-27 20:51:16,34.8,4186.0,48.23999862670898,175.0,177.0,808.0,838.7999877929688,80.76709747314453,124.65264892578124,154.2534637451172,155.0,13.5,29.92833253702819,75.80000019073486
1109,2021-01-28 20:30:11,31.6,3913.0,51.11999931335449,165.0,165.0,818.2000122070312,846.7999877929688,79.35845947265625,131.3460235595703,151.16867065429688,155.0,7.776000308990478,29.072323025811396,75.80000019073486
1110,2021-01-30 12:38:38,70.22,8696.0,69.47999725341798,634.0,638.0,745.2000122070312,944.2000122070312,79.7743148803711,140.35089111328125,148.2737274169922,152.0,8.640000343322756,29.069917203311867,75.80000019073486
1115,2021-02-06 11:59:41,104.1,13318.0,67.32000274658203,1242.0,1249.0,535.4000244140625,859.2000122070312,79.51396179199219,147.5554656982422,156.03578186035156,162.0,8.640000343322756,28.13936026430395,75.80000019073486
1116,2021-02-07 20:30:40,50.21,6158.0,47.5199993133545,352.0,373.0,810.4000244140625,849.7999877929688,80.48340606689453,134.97042846679688,153.24090576171875,153.0,10.476000308990479,29.353036700227346,75.80000019073486
1123,2021-02-14 12:24:59,83.93,10418.0,64.07999725341797,737.0,746.0,705.4000244140625,914.7999877929688,77.71913146972656,137.902099609375,155.4552764892578,162.0,9.756000137329101,29.00249568055289,75.80000019073486
1124,2021-02-16 13:14:53,60.87,7513.0,58.67999725341797,566.0,569.0,742.0,902.5999755859376,80.64993286132812,139.5244598388672,161.7675018310547,173.0,10.656000137329102,29.167043790762676,75.80000019073486
1125,2021-02-17 20:19:55,43.21,5345.0,46.43999862670898,225.0,221.0,796.4000244140625,830.7999877929688,80.74553680419922,128.24916076660156,159.71359252929688,163.0,7.415999794006348,29.10308699719364,75.80000019073486
1126,2021-02-18 20:38:38,34.84,4158.0,44.28000068664551,211.74282836914065,212.7429962158203,808.2999877929688,839.0,82.56329345703125,139.53919982910156,171.806640625,188.0,7.668000411987305,30.164502164502164,75.80000019073486
1129,2021-02-21 11:37:07,111.69,13948.0,58.67999725341797,1082.0,1069.0,698.5999755859375,905.4000244140624,78.84016418457031,138.1418914794922,157.9774932861328,168.0,13.212000274658202,28.827358761112706,75.80000019073486
1130,2021-02-23 20:39:10,35.01,4339.0,45.36000137329102,184.0,176.0,799.0,828.2000122070312,80.50296020507812,117.71444702148438,152.98916625976562,156.0,5.724000120162964,29.047245909195667,75.80000019073486
1131,2021-02-24 20:23:36,9.58,1245.0,41.03999862670898,57.0,55.0,804.5999755859375,832.0,82.22362518310547,121.22007751464844,152.2530059814453,160.0,4.5,27.70120481927711,75.5
1133,2021-02-25 20:33:35,34.93,4298.0,46.43999862670898,182.0,178.0,798.7999877929688,828.2000122070312,82.09060668945312,123.92554473876952,157.11074829101562,160.0,6.8399999141693115,29.257328990228018,75.5
1134,2021-02-27 12:49:20,60.43,7252.0,69.839998626709,576.0,541.0,743.5999755859375,907.0,82.50947570800781,145.30123901367188,173.7827606201172,188.0,11.448000240325928,29.99834528405957,75.5
1135,2021-02-28 19:18:18,34.89,4276.0,47.88000068664551,184.0,177.0,818.0,846.7999877929688,81.44335174560547,128.28929138183594,156.9265594482422,160.0,14.4,29.374181478016837,75.5
1136,2021-03-03 20:19:21,44.56,5268.0,52.919999313354495,228.0,221.0,799.2000122070312,833.5999755859375,83.74762725830078,137.9295196533203,183.68255615234372,197.0,5.471999931335449,30.451025056947614,75.5
1139,2021-03-06 20:07:59,34.04,3600.0,49.319999313354494,160.0,163.0,801.2000122070312,831.5999755859375,90.0755844116211,163.54861450195312,214.57583618164065,217.0,12.312000274658203,34.04,75.5
1143,2021-03-09 20:15:32,43.28,5430.0,43.2,219.0,222.0,789.7999877929688,825.0,80.02934265136719,117.68125915527344,158.40516662597656,161.0,9.9,28.6939226519337,75.5
1144,2021-03-10 20:15:28,44.61,5455.0,47.5199993133545,219.0,211.0,810.5999755859375,839.2000122070312,83.66810607910156,137.836669921875,168.28550720214844,190.0,9.468000411987305,29.440146654445464,75.5
1145,2021-03-11 20:21:46,43.54,5436.0,45.71999931335449,222.0,214.0,811.7999877929688,843.2000122070312,81.70596313476562,123.19094848632812,155.23031616210938,158.0,7.379999828338623,28.834437086092716,75.5
1146,2021-03-12 20:22:35,27.75,3540.0,43.2,141.0,143.0,802.0,830.0,80.31624603271484,116.9079132080078,148.0494384765625,151.0,8.315999794006348,28.220338983050848,75.5
1147,2021-03-13 12:00:36,102.81,12560.0,63.72000274658203,840.0,841.0,745.2000122070312,861.0,80.37037658691406,137.1064453125,152.9322509765625,160.0,10.29599962234497,29.467834394904457,75.5
1148,2021-03-14 13:32:32,45.13,5681.0,52.919999313354495,355.0,360.0,756.7999877929688,845.0,81.3150405883789,130.87132263183594,148.62120056152344,154.0,11.556000137329102,28.59848618201021,75.5
1150,2021-03-16 20:05:33,48.39,5664.0,60.12000274658203,330.0,287.0,774.4000244140625,829.7999877929688,82.45730590820312,140.7254638671875,184.22775268554688,193.0,3.455999922752381,30.75635593220339,75.5
1151,2021-03-17 20:11:11,36.17,4406.0,45.71999931335449,184.0,185.0,823.4000244140625,855.4000244140625,80.61372375488281,124.7641830444336,160.21266174316406,163.0,8.279999828338623,29.553336359509764,75.5
1153,2021-03-19 20:21:26,18.79,2341.0,43.56000137329102,99.0,91.0,803.7999877929688,831.7999877929688,81.85342407226562,130.7137908935547,154.08457946777344,158.0,6.407999897003174,28.89534387014096,75.5
1155,2021-03-20 17:56:33,90.4,10992.0,60.47999725341797,798.0,795.0,709.2000122070312,868.4000244140625,80.12399291992188,140.0771484375,158.46470642089844,165.0,9.540000343322756,29.606986899563317,75.5
1156,2021-03-21 19:03:39,61.52,7223.0,50.4,314.0,307.0,811.7999877929688,841.0,79.76013946533203,134.3711700439453,159.322021484375,162.0,5.507999897003174,30.662051779039185,75.5
1158,2021-03-24 20:43:35,45.72,5668.0,43.56000137329102,211.0,206.0,811.4000244140625,845.2000122070312,80.9442138671875,128.26763916015625,156.15296936035156,159.0,7.451999759674073,29.038814396612562,75.5
1159,2021-03-25 20:31:20,39.76,4844.0,43.56000137329102,203.0,202.0,813.5999755859375,842.7999877929688,80.37914276123047,125.83938598632812,155.36209106445312,159.0,9.179999828338623,29.54913294797688,75.5
1160,2021-03-27 12:35:39,66.44,7793.0,65.16000137329102,597.0,614.0,681.0,888.2000122070312,81.74923706054688,150.86911010742188,163.97215270996094,170.0,9.215999794006349,30.69215963043757,75.5
1163,2021-03-30 20:25:15,35.85,4235.0,60.12000274658203,314.0,244.0,780.2000122070312,837.0,81.89510345458984,137.82171630859375,178.2972869873047,195.0,13.10400037765503,30.47461629279811,75.5
1165,2021-04-02 11:53:46,100.45,12659.0,61.560001373291016,1069.0,1064.0,766.4000244140625,931.0,79.58766174316406,135.88377380371094,158.75440979003906,166.0,20.375999450683594,28.56623745951497,75.5
1166,2021-04-03 19:45:20,43.33,5185.0,42.839998626708976,226.0,223.0,806.2000122070312,835.2000122070312,82.5548324584961,126.18978118896484,161.60250854492188,164.0,12.995999622344971,30.084474445515905,75.5
1170,2021-04-07 20:15:26,34.88,4008.0,47.5199993133545,186.0,174.0,835.5999755859375,865.5999755859375,85.67112731933594,147.4949951171875,190.75225830078125,200.0,10.584000205993652,31.329341317365273,75.5
1174,2021-04-12 21:03:29,29.4,3770.0,42.48000068664551,107.0,98.0,814.2000122070312,842.7999877929688,81.50812530517578,129.78567504882812,145.0506591796875,151.0,7.884000205993653,28.074270557029177,75.5
1175,2021-04-13 19:24:07,51.86,6160.0,43.56000137329102,275.0,269.0,805.0,835.7999877929688,82.22453308105469,138.94869995117188,178.22288513183594,191.0,14.220000171661377,30.307792207792208,75.5
1176,2021-04-14 20:14:40,28.98,3648.0,41.4,143.0,138.0,795.5999755859375,824.2000122070312,80.07382202148438,122.80827331542967,155.39227294921875,158.0,10.115999794006347,28.598684210526315,75.5
1177,2021-04-15 20:13:07,32.81,3885.0,62.63999862670899,240.0,196.0,778.4000244140625,830.7999877929688,81.81228637695312,140.08184814453125,186.8888092041016,202.0,9.323999691009522,30.403088803088806,75.5
1178,2021-04-17 19:03:42,34.08,4062.0,61.560001373291016,302.0,295.0,782.0,836.7999877929688,82.28593444824219,147.1553497314453,179.3761749267578,190.0,12.564000034332276,30.20384047267356,75.5
1180,2021-04-18 12:17:56,104.05,13803.0,69.47999725341798,1245.0,1243.0,539.7999877929688,864.0,77.63016510009766,134.93661499023438,157.26255798339844,164.0,8.67600030899048,27.13757878722017,75.5
1181,2021-04-21 12:19:31,89.73,11459.0,66.60000000000001,928.0,911.0,710.4000244140625,877.7999877929688,77.54471588134766,127.550048828125,151.43861389160156,161.0,20.73600082397461,28.189894406143644,75.5
1183,2021-04-24 18:05:39,60.89,7224.0,69.47999725341798,551.0,560.0,755.0,912.2000122070312,81.94764709472656,146.37887573242188,170.3271026611328,181.0,7.451999759674073,30.343853820598007,75.5
1184,2021-04-25 13:37:20,34.89,4313.0,47.160001373291024,191.0,178.0,798.5999755859375,833.5999755859375,82.01092529296875,127.54393768310548,157.41363525390625,161.0,5.543999862670898,29.122188731741247,75.5
1189,2021-05-01 17:03:50,101.88,12350.0,59.4,839.0,826.0,743.4000244140625,861.2000122070312,81.46600341796875,138.1540069580078,162.01231384277344,170.0,13.464000034332276,29.697813765182183,75.5
1190,2021-05-02 19:21:09,43.37,5314.0,45.71999931335449,231.0,224.0,797.0,826.0,83.07207489013672,136.72525024414062,160.8184051513672,163.0,4.967999982833862,29.38125705683101,75.5
1192,2021-05-04 19:20:37,43.5,5393.0,56.88000068664551,313.0,300.0,776.2000122070312,831.0,81.63182830810547,144.57296752929688,167.38809204101562,193.0,5.435999965667725,29.037641386983125,75.5
1195,2021-05-08 11:10:18,87.23,11234.0,90.36000137329101,1119.024169921875,1047.0,661.9000244140625,882.7000122070312,80.41822052001953,134.55911254882812,162.04855346679688,176.0,18.396000480651857,27.953355883923802,75.5
1196,2021-05-09 14:31:47,46.04,5384.0,57.6,381.0,368.0,701.0,869.7999877929688,86.13346099853516,148.24163818359375,181.6812744140625,189.0,14.580000686645509,30.784546805349184,75.5
1202,2021-05-15 18:23:36,71.96,8467.0,53.28000068664551,555.0,564.0,702.5999755859375,867.4000244140625,83.06053161621094,144.9710693359375,178.66517639160156,187.0,5.652000188827515,30.595960788945312,75.5
1203,2021-05-16 14:37:16,34.92,3819.0,45.36000137329102,186.0,168.0,810.4000244140625,843.7999877929688,89.01712799072266,155.1455841064453,197.69546508789065,203.0,5.724000120162964,32.91751767478398,75.5
1208,2021-05-22 13:50:31,52.49,6612.0,49.319999313354494,364.0,414.0,773.0,851.7999877929688,82.80931854248047,131.68531799316406,155.25921630859375,161.0,14.975999450683593,28.57894736842105,75.5
1214,2021-05-29 13:10:39,61.39,7674.0,75.239998626709,742.0,736.0,601.2000122070312,882.5999755859375,81.59464263916016,144.8087158203125,159.67739868164062,170.0,12.564000034332276,28.799061767005472,75.5
1215,2021-05-30 12:58:23,78.06,9373.0,64.43999862670898,657.0,660.0,753.7999877929688,917.2000122070312,82.27803802490234,138.5579833984375,161.683349609375,166.0,7.307999897003174,29.981436039688468,75.5
1218,2021-06-03 17:53:04,67.0,7730.0,64.43999862670898,609.0,632.0,686.7999877929688,888.5999755859375,82.35187530517578,143.36985778808594,170.8910675048828,181.0,5.4,31.203104786545925,75.5
1220,2021-06-05 12:07:12,100.13,12519.0,66.239998626709,953.0,929.0,638.2000122070312,873.7999877929688,81.99070739746094,141.71768188476562,167.5984649658203,175.0,20.124000549316406,28.79367361610352,75.5
1221,2021-06-06 14:20:03,28.15,3607.0,61.2,233.0,221.0,777.5999755859375,836.2000122070312,84.19670104980469,129.0537872314453,153.3254852294922,161.0,13.679999828338623,28.09537011366787,75.5
1224,2021-06-09 10:39:29,34.87,4257.0,44.28000068664551,185.0,184.0,790.4000244140625,826.2000122070312,82.27111053466797,127.56448364257812,164.5576629638672,168.0,8.387999725341798,29.48837209302325,75.5
1226,2021-06-12 17:48:40,75.37,9367.0,67.67999725341797,627.0,624.0,783.5999755859375,838.5999755859375,82.4945068359375,129.35511779785156,164.82809448242188,170.0,6.443999862670898,28.966798334578847,75.5
1227,2021-06-13 18:43:33,63.55,7787.0,58.67999725341797,492.0,495.0,775.2000122070312,852.5999755859375,83.98613739013672,140.1835174560547,162.224609375,167.0,9.323999691009522,29.379735456530113,75.5
1231,2021-06-19 17:17:36,102.79,12827.0,55.08000068664551,820.0,846.0,698.7999877929688,899.0,82.54045104980469,143.50526428222656,162.15264892578125,166.0,21.347999382019044,28.848834489748192,75.5
1232,2021-06-20 15:03:35,20.34,2775.0,46.43999862670898,152.0,148.0,823.4000244140625,871.2000122070312,84.26629638671875,120.67098999023438,136.1535186767578,141.0,17.747999382019042,26.387027027027028,75.5
1237,2021-06-26 11:59:47,100.34,12562.0,66.96000137329102,1059.0,1056.0,635.0,861.4000244140625,80.09027862548828,143.72129821777344,165.85719299316406,174.0,14.040000343322756,28.755293743034553,75.5
1238,2021-06-27 13:39:27,38.72,5659.0,64.07999725341797,517.0,465.0,779.0,909.2000122070312,76.86603546142578,126.8892593383789,145.35238647460938,158.0,15.840000343322755,24.631913765682985,75.5
1244,2021-07-03 18:32:23,60.22,7232.0,43.919999313354495,309.0,305.0,805.5999755859375,834.4000244140625,82.1012191772461,141.72413635253906,162.29010009765625,165.0,8.2439998626709,29.976769911504423,75.5
1245,2021-07-04 12:58:10,78.73,9689.0,62.63999862670899,688.0,688.0,752.2000122070312,919.5999755859376,83.60139465332031,139.20806884765625,171.38589477539062,179.0,12.67199993133545,29.25255444318299,75.5
1249,2021-07-09 10:57:47,102.17,12747.0,66.96000137329102,1039.0,1050.0,608.0,887.0,79.46893310546875,139.17196655273438,168.4115447998047,178.0,9.720000171661377,28.854789362202872,75.5
1250,2021-07-10 18:25:07,60.2,7248.0,46.43999862670898,311.0,306.0,801.2000122070312,829.7999877929688,80.53272247314453,134.26890563964844,162.1338348388672,165.0,6.552000188827516,29.90066225165563,75.5
1251,2021-07-11 13:06:45,66.61,8066.0,63.36000137329102,628.0,636.0,746.5999755859375,960.2000122070312,83.34611511230469,139.11839294433594,172.8220977783203,184.0,10.079999828338623,29.72923382097694,75.5
1255,2021-07-17 13:27:57,60.49,7121.0,68.039998626709,569.0,554.0,732.5999755859375,896.7999877929688,82.86363983154297,139.94102478027344,174.11305236816406,185.0,11.19599962234497,30.580536441511025,75.5
1256,2021-07-18 13:40:11,49.68,6255.0,51.48000068664551,390.0,399.0,783.0,862.4000244140625,83.17980194091797,131.17042541503906,159.64988708496094,166.0,10.440000343322756,28.592805755395684,75.5
1263,2021-07-25 13:26:00,59.36,7642.0,59.039998626708986,555.0,539.0,742.4000244140625,845.5999755859375,80.05548095703125,129.47085571289062,158.32359313964844,165.0,17.2439998626709,27.963360376864696,75.5
1272,2021-08-07 19:44:09,34.85,4173.0,44.63999862670898,182.0,176.0,848.5999755859375,877.4000244140625,80.68872833251953,142.20057678222656,173.60220336914062,179.0,12.059999656677247,30.0647016534867,75.5
1273,2021-08-08 12:55:57,73.17,9547.0,58.320002746582034,732.0,707.0,778.4000244140625,947.2000122070312,79.2197036743164,131.8758544921875,154.02493286132812,162.0,17.712000274658205,27.591075730596,75.5
1277,2021-08-14 12:24:50,66.55,8027.0,61.2,622.0,631.0,691.7999877929688,900.5999755859375,80.7475814819336,142.6105194091797,168.566162109375,180.0,12.923999691009522,29.84676716083219,75.5
1278,2021-08-15 19:02:56,44.25,5397.0,57.23999862670898,420.0,420.0,789.0,877.2000122070312,81.106689453125,139.61700439453125,154.9320068359375,164.0,7.235999965667725,29.516397998888273,75.5
1283,2021-08-21 11:30:40,100.05,12105.0,65.87999725341797,953.0,940.0,687.0,855.5999755859375,81.09349060058594,145.322021484375,165.33763122558594,173.0,10.079999828338623,29.7546468401487,75.5
1284,2021-08-22 19:34:07,41.54,5279.0,52.919999313354495,395.0,371.0,773.0,869.5999755859375,80.26579284667969,134.20306396484375,164.01231384277344,167.0,10.29599962234497,28.328092441750332,75.5
1288,2021-08-29 12:20:23,101.0,12504.0,54.0,753.0,760.0,845.4000244140625,929.2000122070312,83.04102325439453,133.0207061767578,165.12628173828125,170.0,12.851999759674072,29.07869481765835,75.5
1290,2021-09-01 19:35:15,43.33,5366.0,52.56000137329102,220.0,220.0,801.0,828.7999877929688,79.20207214355469,134.21102905273438,168.44911193847656,174.0,10.512000274658204,29.069698099142744,75.5
1293,2021-09-09 21:12:31,31.19,4002.0,44.63999862670898,140.0,151.0,777.7999877929688,831.0,81.70403289794922,133.75912475585938,157.2958526611328,172.0,16.308000755310058,28.05697151424288,75.5
1294,2021-09-11 13:07:33,78.32,9351.0,69.12000274658203,853.0,853.0,659.2000122070312,880.2000122070312,81.12947845458984,140.24221801757812,159.9012908935547,175.0,12.348000240325929,30.152069297401347,75.5
1295,2021-09-12 19:17:04,56.97,7114.0,56.160001373291024,492.0,483.0,759.0,856.0,80.2567138671875,137.3713836669922,159.73980712890625,165.0,6.6600000858306885,28.829350576328366,75.5
1296,2021-09-14 21:11:17,29.41,3719.0,42.11999931335449,104.0,102.0,804.0,829.0,80.04454803466797,129.77467346191406,152.26995849609375,159.0,12.20400037765503,28.468943264318366,75.5
1297,2021-09-15 21:48:21,29.71,3895.0,50.4,116.0,106.0,814.4000244140625,842.2000122070312,82.03337860107422,132.57473754882812,158.9322052001953,170.0,15.263999176025392,27.459820282413354,75.5
1299,2021-09-18 12:37:50,68.94,8597.0,68.4,858.0,850.0,632.0,869.5999755859375,79.96382904052734,144.61277770996094,157.8996124267578,172.0,16.91999931335449,28.868675119227635,75.5
1300,2021-09-19 18:52:30,64.91,7777.0,54.36000137329102,463.0,507.0,794.5999755859375,865.2000122070312,82.04022979736328,144.1092987060547,152.08126831054688,156.0,5.435999965667725,30.04706184904205,75.5
1304,2021-09-25 12:04:06,80.21,10032.0,64.8,800.0,816.0,742.5999755859375,898.4000244140625,80.7806167602539,135.690185546875,158.16806030273438,169.0,13.5,28.7834928229665,75.5
1305,2021-09-26 14:08:31,43.34,5419.0,54.71999931335449,229.0,224.0,803.2000122070312,841.5999755859375,83.14458465576172,128.5093231201172,161.17327880859375,165.0,14.112000274658202,28.79202804945562,75.5
1306,2021-09-28 10:09:07,43.34,5752.0,47.5199993133545,208.0,210.0,803.0,833.7999877929688,80.08871459960938,130.68463134765625,168.66220092773438,189.0,12.6,27.125173852573017,75.5
1307,2021-09-29 10:17:32,43.34,5597.0,48.23999862670898,219.0,218.0,792.2000122070312,828.7999877929688,79.72871398925781,125.69644165039062,158.6271209716797,162.0,4.896000051498413,27.87636233696623,75.5
